{"cameraMode":{"drawMode":0,"name":"Shaded","section":"Shading Mode"},"sceneLighting":true,"audioPlay":false,"sceneViewState":{"m_AlwaysRefresh":false,"showFog":true,"showSkybox":true,"showFlares":true,"showImageEffects":true,"showParticleSystems":true,"showVisualEffectGraphs":true,"m_FxEnabled":true},"in2DMode":false,"pivot":{"x":8.360374450683594,"y":3.2938005924224855,"z":7.047886371612549},"rotation":{"x":-0.19200867414474488,"y":-0.006184902973473072,"z":0.0012121869949623943,"w":-0.9813922643661499},"size":12.38631534576416,"orthographic":false}