{"cameraMode":{"drawMode":0,"name":"Shaded","section":"Shading Mode"},"sceneLighting":true,"audioPlay":false,"sceneViewState":{"m_AlwaysRefresh":false,"showFog":true,"showSkybox":true,"showFlares":true,"showImageEffects":true,"showParticleSystems":true,"showVisualEffectGraphs":true,"m_FxEnabled":true},"in2DMode":false,"pivot":{"x":-1.2852017879486085,"y":-15.35008430480957,"z":2.1910791397094728},"rotation":{"x":-0.5544013977050781,"y":-0.012733574025332928,"z":0.00848681665956974,"w":-0.8321319222450256},"size":22.143795013427736,"orthographic":false}